Site,"Shubael Pond","Shubael Pond","Shubael Pond","Shubael Pond","Shubael Pond","Shubael Pond","Shubael Pond","Shubael Pond","Shubael Pond","Shubael Pond","Shubael Pond","Shubael Pond","Shubael Pond","Shubael Pond","Shubael Pond","Shubael Pond","Shubael Pond","Shubael Pond","Shubael Pond","Shubael Pond","Shubael Pond","Shubael Pond","Shubael Pond","Shubael Pond","Shubael Pond","Shubael Pond","Shubael Pond","Shubael Pond","Shubael Pond","Shubael Pond","Shubael Pond","Shubael Pond","Shubael Pond","Shubael Pond","Shubael Pond","Shubael Pond","Shubael Pond","Shubael Pond","Shubael Pond","Shubael Pond","Shubael Pond","Shubael Pond","Shubael Pond","Shubael Pond","Shubael Pond","Shubael Pond","Shubael Pond","Shubael Pond","Shubael Pond","Shubael Pond","Shubael Pond","Shubael Pond","Hamblin Pond","Hamblin Pond","Hamblin Pond","Hamblin Pond","Hamblin Pond","Hamblin Pond","Hamblin Pond","Hamblin Pond","Hamblin Pond","Hamblin Pond","Hamblin Pond","Hamblin Pond","Hamblin Pond","Hamblin Pond","Hamblin Pond","Hamblin Pond","Hamblin Pond","Hamblin Pond","Hamblin Pond","Hamblin Pond","Hamblin Pond","Hamblin Pond","Hamblin Pond","Hamblin Pond","Hamblin Pond","Hamblin Pond","Hamblin Pond","Hamblin Pond","Hamblin Pond","Hamblin Pond","Hamblin Pond","Hamblin Pond","Hamblin Pond","Hamblin Pond","Hamblin Pond","Hamblin Pond","Hamblin Pond","Hamblin Pond","Hamblin Pond","Hamblin Pond","Hamblin Pond","Hamblin Pond","Hamblin Pond","Hamblin Pond","Hamblin Pond","Hamblin Pond","Hamblin Pond","Hamblin Pond","Hamblin Pond","Hamblin Pond","Hamblin Pond","Hamblin Pond"
"Time America/New_York UTC-04:00","Processor Power","RTC Power","Primary Power","Secondary Power","Sensor Power","Total System Current","Sensor Current","Internal Pressure","Internal Temperature","Internal Humidity","Cell Signal Strength","Cell Status","NO3-N Conc",NO3-,Parm01,Parm02,Parm03,Parm04,Parm05,Temperature,pH,"pH mV","Sp Cond",ODOSat,ODO,Turbidity,Chlorophyll,"Chlorophyll RFU",BGA-PC,"BGA-Phycocyanin RFU","FDOM QSU","FDOM RFU","Wiper Pos","Cable Pwr",Battery,"UTC Time",Latitude,Longitude,Altitude,COG,COG,"Rel. Barometric Pressure","Air Temperature","Relative Humidity",Dewpoint,"Wind Direction","Magnetic Wind Direction","Wind Speed","Wind Direction","Wind Speed",Pitch,Roll,"Processor Power","RTC Power","Primary Power","Secondary Power","Sensor Power","Total System Current","Sensor Current","Internal Pressure","Internal Temperature","Internal Humidity","Cell Signal Strength","Cell Status","NO3-N Conc",NO3-,Parm01,Parm02,Parm03,Parm04,Parm05,Temperature,pH,"pH mV","Sp Cond",ODOSat,ODO,Turbidity,Chlorophyll,"Chlorophyll RFU",BGA-PC,"BGA-Phycocyanin RFU","FDOM QSU","FDOM RFU","Wiper Pos","Cable Pwr",Battery,"UTC Time",Latitude,Longitude,Altitude,COG,COG,"Rel. Barometric Pressure","Air Temperature","Relative Humidity",Dewpoint,"Wind Direction","Magnetic Wind Direction","Wind Speed","Wind Direction","Wind Speed",Pitch,Roll
,V,V,V,V,V,mA,mA,mBar,C,%,dB,,mg/L,mg/L,,,,,,C,,,mS/cm,%,mg/L,NTU,ug/L,RFU,ug/L,RFU,,RFU,V,V,V,hhmmss,Deg,Deg,m,Tdeg,Mdeg,inHg,C,%,C,Deg,Deg,m/s,Deg,knots,Deg,Deg,V,V,V,V,V,mA,mA,mBar,C,%,dB,,mg/L,mg/L,,,,,,C,,,mS/cm,%,mg/L,NTU,ug/L,RFU,ug/L,RFU,,RFU,V,V,V,hhmmss,Deg,Deg,m,Tdeg,Mdeg,inHg,C,%,C,Deg,Deg,m/s,Deg,knots,Deg,Deg
"08-03-2021 14:15:00",3.4,3.0,13.6,0.1,12.1,338.8,360.6,,28.89,39.9,-69,0,0.01,0.03,1.0,13939.1,16042.4,21851.8,25874.3,25.34,7.39,-45.2,0.133,105.7,8.68,0.51,1.7,0.4,0,0.1,7.160,2.6,1.210,11.3,0.0,181460,41.671703,-70.394005,19.60,64.4,0.1,30.2,22.40,,,206,221,2.3,324,5.2,0.0,0.2,3.3,3.0,13.4,0.1,12.0,306.5,365.6,1020.8,26.95,-4.8,-69,0,0.00,0.00,1.0,15907.1,15486.9,16479.8,24549.6,25.08,7.57,-52.1,0.097,104.7,8.63,0.12,0.7,0.2,-1,0.0,-1.270,-0.4,1.190,11.4,0.0,181502,41.668678,-70.409355,19.20,254.3,0.0,30.2,22.00,,,222,237,2.1,120,3.7,-0.4,-0.5
"08-03-2021 14:30:00",3.4,3.0,13.6,0.1,12.0,342.4,361.6,,28.89,39.9,-69,0,0.00,0.02,1.0,14030.0,16116.3,22024.0,25983.5,25.34,7.41,-46.9,0.133,106.0,8.70,0.70,2.1,0.5,0,0.2,7.430,2.7,1.210,11.4,0.0,182960,41.671700,-70.393982,24.50,221.2,0.1,30.2,22.00,,,184,199,2.6,355,4.9,0.0,0.2,3.3,3.0,13.4,0.1,12.0,307.0,368.9,1020.7,27.03,-4.7,-69,0,0.00,0.00,1.0,17681.4,21285.8,16843.5,24605.7,25.08,7.58,-52.6,0.097,104.7,8.64,0.09,0.6,0.2,-1,-0.1,-1.260,-0.4,1.190,11.4,0.0,183002,41.668652,-70.409393,22.70,35.5,0.0,30.2,22.00,,,211,226,2.7,172,5.2,-0.8,-0.5
"08-03-2021 14:45:00",3.4,3.0,13.5,0.1,12.0,338.0,360.7,,28.89,40.0,-69,0,0.00,0.00,1.0,14038.8,6879.3,21949.0,25938.2,25.34,7.44,-48.7,0.132,107.2,8.80,0.63,2.0,0.5,0,0.1,6.870,2.5,1.210,11.4,0.0,184460,41.671700,-70.394005,20.80,39.1,0.1,30.2,22.10,,,180,195,2.0,294,3.6,0.0,0.2,3.3,3.0,13.4,0.1,12.0,291.5,368.6,1020.6,27.10,-4.7,-65,0,0.00,0.00,1.0,20262.5,21137.8,18035.8,24482.7,25.09,7.58,-52.7,0.097,104.7,8.64,0.13,1.2,0.3,-1,0.0,-1.240,-0.4,1.190,11.4,0.0,184502,41.668659,-70.409378,18.00,192.7,0.0,30.1,22.20,,,199,214,2.1,152,4.1,-0.6,-0.6
"08-03-2021 15:00:00",3.4,3.0,13.5,0.1,12.0,335.9,355.4,,28.73,40.1,-73,0,0.01,0.05,1.0,13914.1,16114.6,22064.1,25921.4,25.34,7.39,-45.2,0.132,106.1,8.71,0.80,1.7,0.4,0,0.1,7.070,2.6,1.210,11.4,0.0,185960,41.671703,-70.393997,18.50,315.1,0.0,30.2,21.90,,,197,212,2.0,90,4.0,-0.3,-0.4,3.3,3.0,13.4,0.1,12.0,295.4,369.4,1020.5,27.17,-4.7,-63,0,0.02,0.11,1.0,17136.0,21270.8,19598.1,24531.1,25.09,7.58,-52.6,0.097,104.8,8.65,0.13,0.6,0.2,-1,0.0,-1.270,-0.4,1.190,11.4,0.0,190002,41.668648,-70.409393,18.80,225.0,0.0,30.1,22.50,,,219,234,1.0,188,1.9,-0.6,-0.6
"08-03-2021 15:15:00",3.4,3.0,13.5,0.1,12.0,340.5,359.0,,28.61,40.2,-69,0,0.01,0.03,1.0,13975.8,16093.8,22001.7,25863.8,25.35,7.42,-47.3,0.132,106.2,8.72,0.63,1.4,0.3,0,0.1,7.380,2.7,1.210,11.3,0.0,191460,41.671711,-70.394043,16.00,249.9,0.1,30.1,22.20,,,194,209,1.4,85,2.8,-0.1,-0.5,3.3,3.0,13.3,0.1,12.0,318.6,369.3,1020.4,27.23,-4.7,-63,0,0.00,0.00,1.0,20488.3,20840.7,19414.9,24638.6,25.10,7.59,-53.1,0.097,104.9,8.65,0.12,0.6,0.2,-1,-0.1,-1.290,-0.4,1.190,11.4,0.0,191502,41.668678,-70.409393,11.80,43.3,0.0,30.1,22.30,,,227,242,1.4,112,2.7,-0.3,-0.6
"08-03-2021 15:30:00",3.4,3.0,13.5,0.1,12.0,340.2,360.2,,28.64,40.2,-73,0,0.13,0.55,1.0,12041.6,16162.7,22115.5,25980.3,25.36,7.35,-42.9,0.132,106.1,8.71,0.48,1.4,0.3,0,0.1,7.240,2.7,1.210,11.4,0.0,192960,41.671711,-70.394020,21.40,130.6,0.1,30.2,22.30,,,158,173,1.2,55,2.8,-0.1,-0.5,3.3,3.0,13.3,0.1,12.0,300.1,367.8,1020.2,27.24,-4.7,-71,0,0.02,0.07,1.0,16582.8,21138.6,18880.8,24580.0,25.11,7.59,-53.3,0.097,104.9,8.65,0.13,0.5,0.2,-1,0.0,-1.220,-0.4,1.190,11.4,0.0,193002,41.668678,-70.409393,20.60,230.4,0.0,30.1,22.40,,,205,219,2.5,143,4.8,-0.5,-0.7
"08-03-2021 15:45:00",3.4,3.0,13.6,0.1,12.0,337.3,358.1,,28.71,40.1,-73,0,0.00,0.00,1.0,14020.7,16029.6,22029.8,25943.2,25.35,7.38,-45.0,0.132,106.2,8.72,0.67,2.7,0.6,1,1.0,7.630,2.8,1.210,11.4,0.0,194460,41.671711,-70.393982,22.80,61.1,0.1,30.2,22.30,,,194,209,2.3,58,4.5,0.0,0.0,3.3,3.0,13.4,0.1,12.0,294.0,368.8,1020.2,27.34,-4.7,-71,0,0.00,0.00,1.0,20470.2,21358.7,19795.9,24529.7,25.11,7.60,-53.6,0.097,105.0,8.66,0.13,0.5,0.2,-1,-0.1,-1.260,-0.4,1.190,11.4,0.0,194502,41.668686,-70.409416,21.70,157.3,0.0,30.1,22.40,,,186,201,4.6,118,9.0,-0.6,-1.0
"08-03-2021 16:00:00",3.4,3.0,13.6,0.1,12.0,337.7,361.0,,28.78,40.1,-71,0,0.00,0.02,1.0,14052.3,16111.6,21919.6,25942.4,25.37,7.49,-51.2,0.132,107.2,8.80,0.46,1.9,0.4,0,0.2,7.010,2.6,1.210,11.4,0.0,195960,41.671700,-70.394074,21.10,285.6,0.1,30.1,22.00,,,132,147,3.0,354,5.6,0.2,0.1,3.3,3.0,13.4,0.1,12.0,294.8,369.6,1020.0,27.44,-4.7,-69,0,0.00,0.00,1.0,18660.2,20664.2,17122.9,24520.9,25.10,7.60,-53.5,0.097,104.9,8.65,0.11,0.6,0.2,-1,-0.1,-1.290,-0.4,1.190,11.4,0.0,200002,41.668705,-70.409378,20.10,147.8,0.0,30.1,22.10,,,212,227,4.3,125,8.4,-0.6,-1.2
"08-03-2021 16:15:00",3.4,3.0,13.5,0.1,12.1,340.2,358.7,,28.78,40.1,-71,0,0.03,0.12,1.0,14081.8,16165.9,20309.7,25936.1,25.37,7.35,-43.4,0.132,105.4,8.65,0.63,1.5,0.4,0,0.1,6.990,2.6,1.210,11.4,0.0,201460,41.671703,-70.394074,23.20,148.2,0.1,30.2,21.80,,,173,188,0.6,100,1.3,-0.3,-0.2,3.3,3.0,13.4,0.1,12.0,295.0,368.1,1019.9,27.50,-4.7,-69,0,0.00,0.00,1.0,20587.2,21411.4,19740.1,24597.2,25.11,7.60,-53.7,0.097,105.0,8.66,0.07,0.7,0.2,-1,0.0,-1.220,-0.4,1.190,11.4,0.0,201502,41.668667,-70.409454,18.00,240.2,0.1,30.1,21.90,,,157,172,3.2,134,6.2,-0.5,-0.7
"08-03-2021 16:30:00",3.4,3.0,13.5,0.1,12.0,341.9,360.9,,28.77,40.1,-75,0,0.01,0.04,1.0,13988.5,16156.4,22010.4,25958.3,25.37,7.47,-50.2,0.132,107.9,8.85,0.58,1.8,0.4,0,0.1,6.970,2.6,1.210,11.4,0.0,202960,41.671711,-70.394035,19.10,215.1,0.0,30.1,21.60,,,165,180,1.9,349,3.5,0.0,0.0,3.3,3.0,13.4,0.1,12.0,312.1,368.6,1020.0,27.45,-4.7,-69,0,0.00,0.00,1.0,19003.0,21434.9,19263.5,24555.7,25.10,7.60,-53.4,0.097,105.0,8.66,0.10,0.9,0.2,-1,-0.1,-1.270,-0.4,1.190,11.4,0.0,203002,41.668667,-70.409378,16.00,254.0,0.0,30.1,21.80,,,193,208,3.2,146,6.2,-0.8,-0.6
"08-03-2021 16:45:00",3.4,3.0,13.4,0.1,12.1,340.8,361.3,,28.59,40.2,-67,0,0.00,0.00,1.0,14069.3,16107.2,22083.3,25927.2,25.37,7.47,-50.1,0.133,106.8,8.77,0.59,2.0,0.5,0,0.2,6.850,2.5,1.210,11.4,0.0,204460,41.671711,-70.393982,24.40,273.6,0.1,30.2,21.30,,,173,188,2.6,344,5.1,0.0,0.2,3.3,3.0,13.3,0.1,12.0,297.8,369.0,1020.1,27.22,-4.7,-63,0,0.00,0.00,1.0,20468.8,21338.7,19081.7,24506.3,25.09,7.60,-53.8,0.097,105.0,8.66,0.11,0.8,0.2,-1,0.0,-1.270,-0.4,1.190,11.4,0.0,204502,41.668659,-70.409447,20.60,25.6,0.0,30.1,21.40,,,170,185,3.5,155,7.1,-0.7,-0.5
"08-03-2021 17:00:00",3.4,3.0,13.5,0.1,12.0,343.2,360.5,,28.39,40.2,-71,0,0.01,0.03,1.0,14045.5,16145.5,22002.0,25892.0,25.36,7.48,-50.9,0.132,107.3,8.80,0.69,1.7,0.4,0,0.1,7.020,2.6,1.210,11.4,0.0,205960,41.671730,-70.394035,25.60,265.0,0.1,30.2,21.20,,,165,180,2.2,5,4.1,0.2,0.1,3.3,3.0,13.3,0.1,12.0,314.2,367.6,1020.3,26.95,-4.8,-67,0,0.00,0.00,1.0,20500.1,21418.8,19826.7,24510.6,25.08,7.61,-54.0,0.097,105.0,8.66,0.09,0.7,0.2,-1,-0.1,-1.220,-0.4,1.190,11.4,0.0,210002,41.668678,-70.409378,23.10,41.3,0.1,30.2,21.10,,,172,187,3.1,328,6.3,0.1,-0.4
"08-03-2021 17:15:00",3.4,3.0,13.4,0.1,12.0,341.8,360.7,,28.21,40.3,-67,0,0.00,0.00,1.0,13987.8,16133.1,13800.9,26072.3,25.36,7.46,-49.6,0.132,108.0,8.87,0.54,1.6,0.4,0,0.1,6.910,2.6,1.210,11.4,0.0,211460,41.671700,-70.394043,24.20,244.2,0.1,30.2,21.10,,,156,171,1.7,356,2.9,0.0,0.0,3.3,3.0,13.3,0.1,12.0,316.5,371.3,1020.4,26.60,-4.8,-67,0,0.00,0.00,1.0,20271.5,21260.2,19849.0,24561.5,25.07,7.59,-53.3,0.097,104.9,8.66,0.08,0.8,0.2,-1,0.0,-1.250,-0.4,1.190,11.4,0.0,211502,41.668678,-70.409393,22.50,349.2,0.0,30.2,21.10,,,171,186,1.3,338,2.9,0.0,-0.4
"08-03-2021 17:30:00",3.4,3.0,13.4,0.1,12.0,342.6,359.6,,28.03,40.3,-69,0,0.01,0.04,1.0,13992.4,16149.6,22046.8,25958.8,25.35,7.50,-52.2,0.132,107.8,8.85,0.57,1.7,0.4,0,0.1,6.950,2.6,1.210,11.4,0.0,212960,41.671719,-70.394035,21.80,105.7,0.0,30.2,20.80,,,216,231,1.7,26,2.7,-0.4,0.1,3.3,3.0,13.2,0.1,12.0,301.3,366.9,1020.3,26.41,-4.9,-67,0,0.00,0.00,1.0,20634.2,21454.6,19357.7,24589.2,25.07,7.60,-53.8,0.097,104.8,8.65,0.13,0.7,0.2,-1,0.0,-1.260,-0.4,1.190,11.4,0.0,213002,41.668686,-70.409378,22.30,220.7,0.0,30.2,21.00,,,136,151,1.0,336,2.2,0.0,-0.4
"08-03-2021 17:45:00",3.4,3.0,13.3,0.1,12.0,344.8,359.9,,27.82,40.3,-67,0,0.00,0.02,1.0,14126.9,16217.6,22131.9,25991.3,25.33,7.40,-45.8,0.132,107.3,8.81,0.58,1.8,0.4,0,0.1,7.070,2.6,1.210,11.3,0.0,214460,41.671738,-70.394020,20.40,172.0,0.1,30.2,20.80,,,166,180,1.4,309,2.7,0.0,0.2,3.3,3.0,13.1,0.1,12.0,304.9,370.1,1020.3,26.28,-4.9,-67,0,0.00,0.00,1.0,20097.6,21311.3,19457.8,24543.5,25.07,7.59,-53.2,0.097,104.9,8.66,0.05,0.8,0.2,-1,0.0,-1.270,-0.4,1.190,11.4,0.0,214502,41.668648,-70.409370,16.20,13.5,0.1,30.1,21.10,,,172,187,2.7,203,5.3,-0.7,0.0
"08-03-2021 18:00:00",3.4,3.0,13.1,0.1,12.0,344.9,356.5,,27.65,40.3,-67,0,0.01,0.02,1.0,14056.9,16152.5,22069.8,25913.7,25.32,7.43,-47.7,0.132,107.5,8.83,0.59,2.2,0.5,0,0.1,6.780,2.5,1.210,11.4,0.0,215960,41.671703,-70.394020,21.30,159.7,0.1,30.2,20.80,,,219,234,1.1,40,2.1,0.0,0.2,3.3,3.0,13.1,0.1,12.0,320.9,369.8,1020.2,26.18,-4.9,-61,0,0.00,0.00,1.0,18662.2,21360.8,19266.8,24436.8,25.06,7.59,-53.0,0.097,104.9,8.65,0.09,0.7,0.2,-1,-0.1,-1.230,-0.4,1.190,11.4,0.0,220002,41.668652,-70.409355,17.90,124.9,0.0,30.1,21.10,,,187,202,2.7,198,5.2,-0.6,-0.5
"08-03-2021 18:15:00",3.4,3.0,13.1,0.1,12.0,351.7,360.4,,27.47,40.3,-67,0,0.01,0.02,1.0,14043.6,16137.5,22014.0,25976.2,25.31,7.41,-46.7,0.132,106.4,8.74,0.60,1.7,0.4,0,0.1,7.250,2.7,1.210,11.4,0.0,221460,41.671719,-70.394035,20.60,154.8,0.1,30.2,20.70,,,194,209,1.6,359,3.2,0.0,0.2,3.3,3.0,13.0,0.1,12.0,325.4,367.7,1020.3,26.07,-4.9,-63,0,0.00,0.00,1.0,20527.6,21447.2,19070.4,24599.5,25.05,7.59,-53.3,0.097,104.8,8.65,0.10,0.9,0.3,-1,0.0,-1.210,-0.4,1.190,11.4,0.0,221502,41.668678,-70.409355,20.80,151.3,0.0,30.1,21.00,,,187,202,4.0,218,7.9,-0.8,-0.2
"08-03-2021 18:30:00",3.4,3.0,13.0,0.1,12.0,348.3,362.2,,27.32,40.3,-71,0,0.01,0.06,1.0,13931.8,16175.1,22078.9,25948.3,25.31,7.43,-48.0,0.132,107.0,8.79,0.53,1.8,0.4,0,0.1,7.040,2.6,1.210,11.4,0.0,222960,41.671730,-70.394035,22.40,320.9,0.1,30.2,20.70,,,147,162,2.0,350,4.2,0.0,0.2,3.3,3.0,13.0,0.1,12.0,322.4,367.5,1020.2,25.95,-4.9,-63,0,0.00,0.00,1.0,19180.7,21375.7,19036.0,24588.4,25.05,7.59,-53.3,0.097,104.8,8.65,0.08,0.8,0.2,-1,-0.1,-1.210,-0.4,1.190,11.4,0.0,223002,41.668652,-70.409355,20.20,8.4,0.0,30.1,21.00,,,150,165,3.0,205,6.0,-0.6,-0.6
"08-03-2021 18:45:00",3.4,3.0,13.0,0.1,12.1,350.3,360.6,,27.17,40.3,-67,0,0.01,0.04,1.0,14107.4,16235.1,21985.8,25996.2,25.31,7.49,-51.5,0.132,107.1,8.80,0.88,2.1,0.5,0,0.1,6.930,2.6,1.210,11.4,0.0,224460,41.671711,-70.394043,24.40,192.7,0.1,30.2,20.60,,,224,239,1.6,359,3.1,,,3.3,3.0,12.9,0.1,12.0,323.1,368.2,1020.2,25.85,-5.0,-61,0,0.00,0.00,1.0,19007.8,21190.5,19086.4,24498.6,25.05,7.59,-53.2,0.097,104.8,8.65,0.12,0.7,0.2,-1,-0.1,-1.220,-0.4,1.190,11.4,0.0,224502,41.668659,-70.409370,20.10,355.0,0.0,30.1,20.90,,,170,185,3.1,213,6.0,-0.8,-0.2
"08-03-2021 19:00:00",3.4,3.0,13.0,0.1,12.1,351.6,361.5,,27.06,40.3,-67,0,0.01,0.04,1.0,14011.8,16140.7,21954.0,25906.4,25.28,7.45,-49.1,0.133,106.7,8.77,0.48,2.0,0.5,0,0.1,6.930,2.6,1.210,11.3,0.0,225960,41.671684,-70.394020,17.10,220.9,0.0,30.1,20.40,,,215,230,1.7,333,3.4,-0.2,0.2,3.3,3.0,12.9,0.1,12.0,328.9,367.2,1020.1,25.75,-5.0,-61,0,0.00,0.00,1.0,20511.2,20259.7,19361.1,24557.0,25.03,7.59,-53.1,0.097,104.7,8.64,0.09,0.8,0.2,-1,-0.1,-1.210,-0.4,1.190,11.4,0.0,230002,41.668648,-70.409355,16.10,302.4,0.0,30.1,20.70,,,160,175,2.3,198,4.3,-0.9,-0.4
"08-03-2021 19:15:00",3.4,3.0,13.0,0.1,12.1,349.6,360.8,,26.92,40.2,-65,0,0.00,0.00,1.0,14035.7,16005.5,22016.2,25940.7,25.28,7.40,-46.3,0.133,105.9,8.70,0.59,2.1,0.5,0,0.1,7.080,2.6,1.210,11.4,0.0,231460,41.671703,-70.394035,21.00,121.3,0.1,30.2,20.40,,,166,181,1.9,340,4.1,0.0,0.2,3.3,3.0,12.9,0.1,12.0,326.2,366.3,1020.1,25.64,-5.0,-61,0,0.00,0.00,1.0,20558.0,21211.2,19866.7,24657.5,25.03,7.59,-53.0,0.097,104.7,8.65,0.19,0.9,0.3,-1,0.0,-1.230,-0.4,1.190,11.4,0.0,231502,41.668648,-70.409378,18.60,104.0,0.0,30.1,20.60,,,172,187,3.4,221,6.7,-0.7,-0.5
"08-03-2021 19:30:00",3.4,3.0,13.0,0.1,12.0,352.2,361.9,,26.80,40.2,-67,0,0.01,0.05,1.0,14029.4,16193.8,21969.5,25944.8,25.26,7.36,-43.8,0.133,105.7,8.69,0.51,1.7,0.4,0,0.1,7.480,2.8,1.210,11.4,0.0,232960,41.671684,-70.394020,19.80,173.0,0.1,30.1,20.30,,,208,223,1.4,3,3.0,0.0,0.0,3.3,3.0,12.9,0.1,12.0,325.1,367.2,1020.1,25.51,-5.0,-63,0,0.00,0.00,1.0,20574.7,21486.7,19702.2,24578.2,25.02,7.57,-51.6,0.097,104.5,8.63,0.13,0.9,0.3,-1,0.0,-1.210,-0.4,1.190,11.4,0.0,233002,41.668602,-70.409378,17.10,2.8,0.1,30.1,20.50,,,153,168,2.4,208,4.9,-0.6,-0.5
"08-03-2021 19:45:00",3.4,3.0,13.0,0.1,12.1,350.2,359.7,,26.65,40.2,-69,0,0.00,0.01,1.0,14070.1,16113.9,22037.8,25942.3,25.26,7.35,-43.0,0.133,104.5,8.59,0.46,1.6,0.4,0,0.1,7.400,2.7,1.210,11.3,0.0,234460,41.671700,-70.394005,21.00,267.3,0.1,30.2,20.20,,,207,222,0.9,4,1.8,-0.2,0.1,3.3,3.0,12.9,0.1,12.0,325.2,368.7,1020.2,25.41,-5.0,-67,0,0.00,0.00,1.0,20152.3,21353.5,19159.7,24572.9,25.02,7.58,-52.4,0.097,104.7,8.64,0.08,0.8,0.2,-1,-0.1,-1.190,-0.3,1.190,11.4,0.0,234502,41.668629,-70.409355,23.70,53.0,0.0,30.2,20.40,,,193,208,1.9,206,3.4,-0.6,-0.6
"08-03-2021 20:00:00",3.4,3.0,12.9,0.1,12.0,349.5,362.4,,26.51,40.1,-63,0,0.01,0.06,1.0,13927.6,16186.3,22088.0,25956.9,25.28,7.33,-42.2,0.132,104.9,8.62,0.61,1.7,0.4,0,0.1,7.300,2.7,1.210,11.4,0.0,235960,41.671673,-70.394005,21.20,249.4,0.0,30.2,20.10,,,247,262,0.5,59,1.0,-0.3,0.0,3.3,3.0,12.9,0.1,12.0,323.4,367.8,1020.3,25.29,-5.1,-63,0,0.00,0.00,1.0,20531.9,21398.2,19797.1,24528.3,25.00,7.56,-51.1,0.097,104.1,8.60,0.11,1.0,0.3,-1,-0.1,-1.200,-0.4,1.190,11.4,0.0,2,41.668621,-70.409378,19.80,132.7,0.7,30.1,20.40,,,137,152,1.4,208,3.0,-0.6,-0.6
"08-03-2021 20:15:00",3.4,3.0,12.9,0.1,12.1,350.3,361.1,,26.39,40.2,-69,0,0.01,0.04,1.0,14019.9,16203.8,22100.3,26000.7,25.26,7.28,-39.1,0.133,103.3,8.49,0.65,2.0,0.5,0,0.2,6.940,2.6,1.210,11.4,0.0,1460,41.671673,-70.394005,20.40,218.7,0.1,30.2,20.10,,,211,226,0.6,14,1.3,-0.2,0.2,3.3,3.0,12.9,0.1,12.0,328.2,368.2,1020.5,25.18,-5.1,-69,0,0.00,0.00,1.0,20516.4,21408.3,19253.1,24559.0,25.00,7.56,-51.2,0.097,104.4,8.63,0.15,0.9,0.3,-1,0.0,-1.170,-0.3,1.190,11.4,0.0,1502,41.668613,-70.409378,19.20,244.5,0.0,30.1,20.30,,,354,9,0.8,128,1.6,-0.6,-0.6
"08-03-2021 20:30:00",3.4,3.0,12.9,0.1,12.1,351.4,362.3,,26.28,40.2,-63,0,0.01,0.04,1.0,13988.8,16177.6,22124.5,25925.6,25.26,7.25,-37.3,0.133,102.3,8.41,0.81,1.8,0.4,0,0.1,6.890,2.5,1.210,11.4,0.0,2960,41.671681,-70.394005,21.30,90.1,0.1,30.2,19.90,,,282,297,1.0,40,1.8,-0.2,0.0,3.3,3.0,12.9,0.1,12.0,327.4,368.9,1020.5,25.08,-5.1,-71,0,0.00,0.00,1.0,20583.7,21056.1,19334.7,24578.2,25.00,7.57,-51.6,0.097,104.3,8.62,0.15,0.9,0.3,-1,0.0,-1.200,-0.4,1.190,11.4,0.0,3002,41.668629,-70.409355,21.40,338.7,0.0,30.2,20.10,,,322,337,1.4,156,2.7,-0.6,-0.6
"08-03-2021 20:45:00",3.4,3.0,12.9,0.1,12.0,347.2,359.5,,26.13,40.1,-73,0,0.17,0.76,1.0,11345.2,16133.8,22084.5,25959.0,25.27,7.30,-40.0,0.133,102.2,8.41,0.49,1.3,0.3,0,0.1,7.800,2.9,1.210,11.4,0.0,4460,41.671684,-70.394005,22.30,185.2,0.0,30.2,19.70,,,118,133,0.9,23,1.7,-0.2,0.1,3.3,3.0,12.9,0.1,12.0,325.1,369.3,1020.5,24.96,-5.1,-69,0,0.00,0.00,1.0,20686.5,21405.6,19932.5,24648.5,25.00,7.57,-51.7,0.097,104.3,8.62,0.17,0.9,0.3,-1,0.0,-1.190,-0.3,1.190,11.4,0.0,4502,41.668621,-70.409393,19.70,35.7,0.0,30.1,19.80,,,49,64,0.4,233,0.7,-0.6,-0.6
"08-03-2021 21:00:00",3.4,3.0,12.9,0.1,12.0,350.5,361.2,,25.98,40.1,-69,0,0.01,0.03,1.0,14097.0,16196.2,22010.2,25986.9,25.26,7.26,-37.6,0.133,102.8,8.45,0.60,2.1,0.5,0,0.2,7.500,2.8,1.210,11.4,0.0,5960,41.671700,-70.393982,22.20,70.6,0.0,30.2,19.50,,,210,225,1.1,67,2.1,0.0,0.0,3.3,3.0,12.9,0.1,12.0,325.4,369.6,1020.5,24.82,-5.1,-71,0,0.00,0.00,1.0,20562.1,21432.6,19836.2,24534.2,24.96,7.56,-51.2,0.097,104.3,8.62,0.17,0.7,0.2,-1,0.0,-1.180,-0.3,1.190,11.4,0.0,10002,41.668648,-70.409393,19.00,111.7,0.0,30.1,19.60,,,111,126,0.5,310,1.0,-0.6,-0.6
"08-03-2021 21:15:00",3.4,3.0,12.9,0.1,12.1,348.3,355.9,,25.83,40.1,-67,0,0.01,0.04,1.0,13775.1,15955.6,22004.2,25926.3,25.25,7.22,-35.5,0.133,101.6,8.36,0.54,1.4,0.3,0,0.1,7.320,2.7,1.210,11.4,0.0,11460,41.671681,-70.394005,21.20,342.6,0.1,30.2,19.40,,,164,179,0.8,351,1.6,-0.3,0.0,3.3,3.0,12.9,0.1,12.0,324.3,370.1,1020.7,24.70,-5.2,-69,0,0.00,0.00,1.0,20688.2,21566.3,19482.6,24707.8,24.99,7.54,-50.0,0.097,103.9,8.58,0.15,0.9,0.3,-1,0.0,-1.180,-0.3,1.190,11.4,0.0,11502,41.668629,-70.409355,20.00,259.2,0.0,30.2,19.70,,,241,256,0.2,92,0.3,-0.6,-0.6
"08-03-2021 21:30:00",3.4,3.0,13.0,0.1,12.1,351.1,360.6,,25.69,40.1,-67,0,0.01,0.03,1.0,14028.5,16119.1,21797.5,25948.8,25.25,7.39,-45.2,0.133,103.9,8.54,0.47,2.1,0.5,0,0.2,7.200,2.7,1.210,11.4,0.0,12960,41.671684,-70.394035,14.50,87.1,0.1,30.1,19.10,,,175,190,1.0,96,1.8,0.0,0.0,3.3,3.0,12.9,0.1,12.0,326.3,370.1,1020.4,24.58,-5.2,-69,0,0.00,0.00,1.0,20296.7,20803.0,19785.1,24522.5,24.97,7.54,-50.2,0.097,103.7,8.57,0.19,1.0,0.3,-1,-0.1,-1.190,-0.3,1.190,11.4,0.0,13002,41.668633,-70.409378,14.50,269.4,0.0,30.1,19.70,,,103,118,0.4,310,0.7,-0.6,-0.6
"08-03-2021 21:45:00",3.4,3.0,12.9,0.1,12.0,351.4,361.3,,25.58,40.0,-69,0,0.11,0.50,1.0,12177.4,16118.9,22086.0,26030.9,25.25,7.30,-40.3,0.133,104.1,8.56,0.86,2.0,0.5,0,0.1,6.640,2.5,1.210,11.4,0.0,14460,41.671684,-70.394005,18.00,356.7,0.0,30.2,19.10,,,189,203,0.9,46,1.6,-0.2,0.1,3.3,3.0,12.9,0.1,12.0,318.6,367.9,1020.4,24.49,-5.2,-69,0,0.00,0.00,1.0,20621.3,21067.6,19898.7,24580.0,24.97,7.56,-51.0,0.097,104.2,8.61,0.17,0.9,0.2,-1,0.0,-1.190,-0.3,1.190,11.4,0.0,14502,41.668633,-70.409416,23.20,174.1,0.0,30.2,19.70,,,163,178,0.7,14,1.3,-0.6,-0.6
"08-03-2021 22:00:00",3.4,3.0,12.9,0.0,12.0,350.8,360.0,,25.42,40.0,-65,0,0.01,0.03,1.0,14064.8,16209.2,22127.5,25958.8,25.24,7.23,-35.9,0.133,102.0,8.39,0.43,1.6,0.4,0,0.1,7.360,2.7,1.210,11.4,0.0,15960,41.671684,-70.394043,20.40,326.9,0.0,30.2,19.00,,,160,175,1.4,15,2.5,-0.3,0.0,3.3,3.0,12.9,0.1,12.0,325.4,370.7,1020.4,24.41,-5.2,-73,0,0.00,0.00,1.0,20541.4,21406.7,19808.4,24577.3,24.96,7.55,-50.7,0.097,104.1,8.61,0.13,1.1,0.3,-1,0.0,-1.150,-0.3,1.190,11.4,0.0,20002,41.668633,-70.409378,18.40,70.7,0.0,30.1,19.80,,,182,197,1.2,282,2.4,-0.6,-0.6
"08-03-2021 22:15:00",3.4,3.0,12.9,0.1,12.1,348.3,353.8,,25.32,40.0,-69,0,0.01,0.05,1.0,13989.8,16181.4,22048.4,25965.1,25.24,7.25,-37.5,0.133,101.7,8.37,0.51,1.4,0.3,0,0.1,7.470,2.8,1.210,11.3,0.0,21460,41.671684,-70.394035,16.00,136.4,0.0,30.1,19.00,,,164,179,1.4,352,2.7,0.0,0.0,3.3,3.0,12.9,0.1,12.0,327.3,369.8,1020.3,24.34,-5.2,-71,0,0.00,0.00,1.0,19420.4,21335.9,18786.4,24494.9,24.97,7.55,-50.5,0.097,104.1,8.61,0.21,0.9,0.3,-1,0.0,-1.150,-0.3,1.190,11.4,0.0,21502,41.668652,-70.409416,20.10,48.0,0.0,30.1,19.70,,,124,139,2.4,218,4.8,-0.6,-0.5
"08-03-2021 22:30:00",3.4,3.0,12.9,0.1,12.0,350.0,359.7,,25.25,39.9,-73,0,0.03,0.14,1.0,13531.7,16080.8,21970.6,25902.5,25.23,7.28,-39.1,0.132,103.6,8.53,0.51,1.3,0.3,0,0.1,7.370,2.7,1.210,11.4,0.0,22960,41.671700,-70.394005,19.60,155.8,0.0,30.2,19.30,,,181,196,1.6,38,3.3,-0.2,0.0,3.3,3.0,12.9,0.0,12.0,325.2,365.9,1020.5,24.29,-5.2,-59,0,0.00,0.00,1.0,20502.8,21046.2,19848.5,24556.1,24.95,7.53,-49.2,0.097,104.0,8.60,0.11,0.8,0.2,-1,-0.1,-1.150,-0.3,1.190,11.4,0.0,23002,41.668652,-70.409355,17.90,38.2,0.0,30.1,19.70,,,174,189,3.3,207,6.7,-0.7,-0.3
"08-03-2021 22:45:00",3.4,3.0,12.9,0.1,12.1,351.9,365.5,,25.18,40.0,-69,0,0.00,0.02,1.0,13922.2,16022.1,22052.7,25950.4,25.20,7.29,-39.3,0.133,103.4,8.51,0.50,1.5,0.4,0,0.1,7.070,2.6,1.210,11.3,0.0,24460,41.671700,-70.394020,14.60,175.1,0.1,30.1,19.60,,,202,216,1.0,44,2.1,-0.2,0.1,3.3,3.0,12.8,0.1,12.0,329.4,368.3,1020.6,24.26,-5.2,-65,0,0.00,0.00,1.0,19108.7,21251.9,19373.6,24503.2,24.95,7.53,-49.1,0.097,104.0,8.60,0.14,0.8,0.2,-1,0.0,-1.120,-0.3,1.190,11.4,0.0,24502,41.668633,-70.409409,12.70,188.3,0.0,30.1,19.80,,,168,183,2.0,200,3.9,-0.6,-0.6
"08-03-2021 23:00:00",3.4,3.0,12.9,0.1,12.1,351.0,360.4,,25.20,39.8,-67,0,0.01,0.04,1.0,13980.1,16148.0,22011.1,25899.4,25.20,7.20,-34.4,0.132,101.6,8.36,0.45,1.7,0.4,0,0.2,7.430,2.7,1.210,11.4,0.0,25960,41.671684,-70.394005,19.60,52.5,0.0,30.2,19.60,,,164,179,1.1,330,2.3,-0.2,0.1,3.3,3.0,12.9,0.0,12.0,323.2,367.3,1020.6,24.25,-5.2,-63,0,0.00,0.00,1.0,19590.9,20829.4,19674.5,24539.9,24.94,7.53,-49.3,0.097,103.9,8.59,0.10,1.0,0.3,-1,0.0,-1.150,-0.3,1.190,11.4,0.0,30002,41.668633,-70.409378,17.80,210.7,0.0,30.1,19.90,,,136,150,2.4,215,5.2,-0.6,-0.5
"08-03-2021 23:15:00",3.4,3.0,12.9,0.1,12.0,352.2,360.7,,25.18,39.8,-67,0,0.02,0.07,1.0,13855.4,16164.1,22081.1,25935.4,25.20,7.17,-32.5,0.132,100.4,8.26,0.38,2.4,0.5,0,0.1,7.070,2.6,1.210,11.4,0.0,31460,41.671681,-70.394035,19.60,187.0,0.0,30.2,19.70,,,194,209,1.1,28,1.9,-0.2,0.1,3.3,3.0,12.9,0.1,12.0,325.8,369.6,1020.5,24.24,-5.2,-61,0,0.00,0.00,1.0,20128.0,21461.3,19395.0,24587.8,24.94,7.53,-49.4,0.097,103.8,8.59,0.12,0.9,0.2,-1,0.0,-1.190,-0.3,1.190,11.4,0.0,31502,41.668659,-70.409370,19.80,286.7,0.0,30.1,20.00,,,159,174,1.7,200,3.3,-0.6,-0.5
"08-03-2021 23:30:00",3.4,3.0,12.9,0.1,12.0,350.4,361.7,,25.17,39.8,-71,0,0.06,0.26,1.0,13107.9,16161.2,22083.1,25961.9,25.17,7.22,-35.3,0.132,101.1,8.32,1.43,1.4,0.3,0,0.1,7.650,2.8,1.210,11.4,0.0,32960,41.671703,-70.394005,17.20,3.0,0.1,30.1,19.60,,,188,203,1.1,348,2.0,-0.2,0.1,3.3,3.0,12.9,0.1,12.0,323.1,368.3,1020.3,24.24,-5.2,-65,0,0.00,0.00,1.0,20363.2,20945.6,19826.3,24492.9,24.93,7.53,-49.2,0.097,103.7,8.58,0.13,0.9,0.3,-1,0.0,-1.170,-0.3,1.190,11.4,0.0,33002,41.668648,-70.409378,18.20,250.5,0.0,30.1,19.80,,,105,119,0.4,219,0.7,-0.6,-0.6
"08-03-2021 23:45:00",3.4,3.0,12.9,0.1,12.0,356.1,359.5,,25.17,39.8,-69,0,0.10,0.46,1.0,12384.1,16167.6,22135.6,25977.6,25.18,7.11,-28.8,0.132,98.1,8.08,0.47,1.5,0.3,0,0.1,7.440,2.7,1.210,11.4,0.0,34460,41.671673,-70.394005,17.60,289.4,0.0,30.2,19.60,,,248,262,1.0,23,2.0,-0.2,0.1,3.3,3.0,12.9,0.1,12.0,324.3,368.2,1020.5,24.22,-5.2,-69,0,0.00,0.00,1.0,20614.9,21455.9,19372.6,24625.7,24.93,7.52,-48.6,0.097,103.7,8.58,0.12,0.9,0.2,-1,-0.1,-1.120,-0.3,1.190,11.4,0.0,34502,41.668629,-70.409340,20.50,114.3,0.0,30.2,19.80,,,110,124,0.5,230,1.0,-0.6,-0.6
"08-04-2021 00:00:00",3.4,3.0,12.9,0.1,12.1,351.6,361.5,,25.15,39.7,-73,0,0.01,0.03,1.0,14073.8,16181.7,22070.5,25955.9,25.18,7.19,-33.6,0.132,101.2,8.33,0.80,1.3,0.3,0,0.2,7.630,2.8,1.210,11.4,0.0,35960,41.671684,-70.394005,18.20,270.6,0.0,30.2,19.50,,,245,260,1.1,56,2.3,-0.3,0.0,3.3,3.0,12.9,0.1,12.0,323.0,368.6,1020.5,24.19,-5.3,-69,0,0.00,0.00,1.0,19647.1,21256.9,18918.9,24474.5,24.93,7.51,-48.2,0.097,103.7,8.58,0.36,1.0,0.3,-1,0.0,-1.120,-0.3,1.190,11.4,0.0,40002,41.668659,-70.409378,14.90,70.9,0.0,30.1,19.70,,,140,155,1.0,227,2.0,-0.6,-0.6
"08-04-2021 00:15:00",3.4,3.0,12.9,0.1,12.1,351.3,359.1,,25.14,39.7,-71,0,0.12,0.54,1.0,12056.1,16117.5,22048.5,25910.5,25.17,7.23,-35.8,0.132,101.9,8.39,0.57,1.6,0.4,0,0.1,7.490,2.8,1.210,11.3,0.0,41460,41.671681,-70.393982,21.30,186.4,0.0,30.2,19.40,,,259,274,1.5,1,2.9,0.0,0.0,3.3,3.0,12.9,0.1,12.0,318.4,368.9,1020.7,24.15,-5.3,-71,0,0.00,0.00,1.0,18703.6,20379.3,18150.7,24465.3,24.93,7.51,-48.5,0.097,103.7,8.57,0.10,0.9,0.2,-1,0.0,-1.110,-0.3,1.190,11.4,0.0,41502,41.668633,-70.409332,17.90,143.4,0.0,30.1,19.50,,,223,238,1.3,282,2.0,-0.5,-0.6
"08-04-2021 00:30:00",3.4,3.0,12.9,0.1,12.0,349.5,359.2,,25.10,39.7,-79,0,0.01,0.03,1.0,13897.9,16057.0,22047.1,25914.7,25.16,7.20,-34.3,0.132,101.3,8.34,0.50,1.6,0.4,0,0.1,7.470,2.8,1.210,11.4,0.0,42960,41.671684,-70.394005,18.40,118.3,0.0,30.1,19.20,,,214,229,1.4,20,2.8,-0.2,0.1,3.3,3.0,12.8,0.1,12.0,325.7,368.4,1020.3,24.12,-5.3,-67,0,0.00,0.00,1.0,20197.9,21430.5,19379.8,24521.8,24.93,7.50,-47.8,0.097,103.7,8.58,0.09,0.9,0.2,-1,0.0,-1.120,-0.3,1.190,11.4,0.0,43002,41.668633,-70.409370,18.90,129.1,0.0,30.1,19.50,,,150,165,1.5,191,3.0,-0.6,-0.6
"08-04-2021 00:45:00",3.4,3.0,12.9,0.1,12.0,354.6,362.0,,25.05,39.7,-73,0,0.01,0.03,1.0,14057.9,16175.7,22082.7,25970.9,25.13,7.19,-33.6,0.132,101.4,8.36,0.43,1.6,0.4,0,0.1,7.530,2.8,1.210,11.4,0.0,44460,41.671654,-70.393997,20.30,136.5,0.0,30.2,19.00,,,270,285,1.4,333,2.6,0.0,0.0,3.3,3.0,12.8,0.1,12.0,324.4,369.3,1020.1,24.08,-5.3,-63,0,0.00,0.00,1.0,19696.1,21094.1,19368.2,24449.7,24.92,7.50,-47.6,0.097,103.6,8.57,0.12,1.0,0.3,-1,0.0,-1.100,-0.3,1.190,11.4,0.0,44502,41.668621,-70.409332,19.10,68.0,0.0,30.1,19.40,,,263,278,3.0,213,5.7,-0.6,-0.6
"08-04-2021 01:00:00",3.4,3.0,12.9,0.1,12.1,351.2,361.9,,25.00,39.7,-73,0,0.39,1.73,1.0,8964.9,16181.8,20495.9,25886.3,25.13,7.23,-35.8,0.132,102.2,8.42,0.68,1.6,0.4,0,0.1,7.130,2.6,1.210,11.3,0.0,45960,41.671673,-70.393997,16.90,54.4,0.0,30.1,19.00,,,225,240,1.4,337,3.0,-0.2,0.1,3.3,3.0,12.8,0.1,12.0,326.3,368.4,1019.9,24.02,-5.3,-75,0,0.00,0.00,1.0,20443.5,21328.2,19738.9,24460.7,24.91,7.50,-47.7,0.097,103.5,8.57,0.13,0.7,0.2,-1,0.0,-1.120,-0.3,1.190,11.4,0.0,50002,41.668633,-70.409317,14.90,312.3,0.1,30.1,19.20,,,143,158,1.5,211,3.0,-0.6,-0.6
"08-04-2021 01:15:00",3.4,3.0,12.9,0.1,12.0,349.6,359.6,,24.98,39.7,-71,0,0.01,0.06,1.0,13941.4,16212.7,22104.6,25987.9,25.13,7.15,-31.4,0.132,100.1,8.25,0.67,1.3,0.3,0,0.1,7.240,2.7,1.210,11.4,0.0,51459,41.671681,-70.393982,14.20,280.8,0.0,30.1,18.90,,,183,198,1.0,327,2.2,-0.2,0.1,3.3,3.0,12.8,0.1,12.0,325.1,368.1,1019.8,23.98,-5.3,-63,0,0.00,0.00,1.0,19999.2,21318.3,19803.9,24537.6,24.90,7.50,-47.8,0.097,103.5,8.57,0.08,0.8,0.2,-1,-0.1,-1.100,-0.3,1.190,11.4,0.0,51502,41.668621,-70.409355,12.60,253.0,0.0,30.1,19.00,,,150,164,1.0,224,2.4,-0.6,-0.6
"08-04-2021 01:30:00",3.4,3.0,12.9,0.1,12.1,347.9,359.2,,24.90,39.7,-71,0,0.00,0.00,1.0,14016.6,15350.2,22068.4,25918.0,25.12,7.20,-34.0,0.133,101.0,8.32,0.55,1.5,0.4,0,0.1,8.100,3.0,1.210,11.4,0.0,52959,41.671665,-70.394020,18.70,180.6,0.0,30.1,18.70,,,20,35,1.1,359,2.0,-0.2,0.1,3.3,3.0,12.8,0.1,12.0,327.2,368.8,1019.7,23.90,-5.3,-61,0,0.00,0.00,1.0,20566.4,21513.4,19886.3,24607.5,24.90,7.48,-46.5,0.097,103.4,8.56,0.17,0.9,0.2,-1,0.0,-1.110,-0.3,1.190,11.4,0.0,53002,41.668621,-70.409378,17.90,78.9,0.0,30.1,19.00,,,71,86,0.8,191,1.6,-0.6,-0.6
"08-04-2021 01:45:00",3.4,3.0,12.9,0.1,12.1,349.1,353.0,,24.83,39.7,-75,0,0.01,0.04,1.0,14051.6,16182.8,21982.7,25979.0,25.10,7.26,-37.7,0.132,101.2,8.34,1.44,1.4,0.3,0,0.2,7.560,2.8,1.210,11.4,0.0,54459,41.671665,-70.394005,21.60,236.0,0.0,30.1,18.40,,,31,46,1.1,40,1.8,-0.2,0.1,3.3,3.0,12.8,0.1,12.0,326.8,368.2,1019.6,23.83,-5.3,-73,0,0.00,0.00,1.0,20254.6,21357.2,19164.3,24459.4,24.90,7.48,-46.4,0.097,103.0,8.52,0.18,1.0,0.3,-1,0.0,-1.080,-0.3,1.190,11.4,0.0,54502,41.668629,-70.409355,19.00,115.6,0.0,30.1,19.00,,,93,108,0.4,180,0.7,-0.6,-0.6
"08-04-2021 02:00:00",3.4,3.0,12.9,0.1,12.0,349.3,356.3,,24.72,39.7,-75,0,0.01,0.03,1.0,14091.0,16207.7,22109.7,25989.2,25.10,7.12,-29.9,0.132,99.3,8.19,0.75,1.2,0.3,0,0.1,7.540,2.8,1.210,11.3,0.0,55959,41.671673,-70.394035,18.00,32.8,0.1,30.1,18.30,,,96,111,0.3,90,0.9,-0.3,0.0,3.3,3.0,12.8,0.1,12.0,323.5,367.0,1019.4,23.76,-5.3,-71,0,0.00,0.00,1.0,20469.5,21335.5,19401.6,24480.6,24.89,7.48,-46.4,0.097,103.2,8.55,0.13,0.9,0.3,-1,0.0,-1.040,-0.3,1.190,11.4,0.0,60002,41.668621,-70.409370,15.60,269.8,0.0,30.1,18.60,,,97,112,1.7,201,3.2,-0.6,-0.6
"08-04-2021 02:15:00",3.4,3.0,12.9,0.1,12.0,357.4,365.6,,24.61,39.7,-79,0,0.00,0.00,1.0,14067.9,16054.8,22069.0,25911.6,25.08,7.17,-32.3,0.132,100.0,8.25,0.53,1.3,0.3,0,0.1,7.940,2.9,1.210,11.4,0.0,61459,41.671654,-70.394005,19.00,350.7,0.1,30.1,18.00,,,288,303,1.0,334,1.8,-0.2,0.1,3.3,3.0,12.8,0.1,12.0,321.4,368.7,1019.7,23.65,-5.3,-75,0,0.00,0.00,1.0,20572.2,21394.6,19832.1,24487.4,24.88,7.49,-47.2,0.097,103.4,8.56,0.13,0.8,0.2,-1,0.0,-1.090,-0.3,1.190,11.4,0.0,61502,41.668633,-70.409393,13.40,340.0,0.0,30.1,18.40,,,7,22,1.1,157,2.2,-0.6,-0.6
"08-04-2021 02:30:00",3.4,3.0,12.9,0.1,12.1,353.5,358.5,,24.50,39.7,-75,0,0.15,0.66,1.0,11719.6,16183.0,22073.1,25958.0,25.09,7.07,-26.8,0.132,97.9,8.08,0.51,1.4,0.3,0,0.1,7.930,2.9,1.210,11.4,0.0,62959,41.671654,-70.394005,14.80,228.2,0.0,30.1,18.00,,,234,248,0.7,318,1.4,-0.2,0.1,3.3,3.0,12.8,0.1,12.0,326.5,369.6,1019.9,23.55,-5.4,-69,0,0.00,0.00,1.0,20617.7,21501.9,18693.6,24681.0,24.88,7.48,-46.5,0.097,103.4,8.56,0.12,1.1,0.3,-1,0.0,-1.080,-0.3,1.190,11.4,0.0,63002,41.668621,-70.409378,11.90,137.2,0.0,30.1,18.40,,,151,166,1.0,226,1.9,-0.6,-0.6
"08-04-2021 02:45:00",3.4,3.0,12.9,0.1,12.0,351.3,362.3,,24.40,39.7,-71,0,0.05,0.21,1.0,13362.8,16159.4,21831.5,25880.7,25.08,7.17,-32.5,0.133,100.7,8.31,0.58,1.2,0.3,0,0.1,7.830,2.9,1.210,11.4,0.0,64459,41.671646,-70.394005,19.80,62.2,0.1,30.1,17.80,,,330,345,1.0,3,1.9,0.0,0.0,3.3,3.0,12.8,0.1,12.0,325.4,369.5,1019.8,23.46,-5.4,-69,0,0.00,0.00,1.0,20681.8,21396.3,19112.8,24608.2,24.87,7.48,-46.3,0.097,103.2,8.54,0.08,1.3,0.3,-1,0.0,-1.040,-0.3,1.190,11.4,0.0,64502,41.668621,-70.409370,16.60,53.8,0.0,30.1,18.40,,,125,140,0.3,219,0.8,-0.6,-0.6
"08-04-2021 03:00:00",3.4,3.0,12.9,0.1,12.0,352.2,359.7,,24.27,39.7,-75,0,0.01,0.03,1.0,14034.1,16176.6,22076.2,25962.7,25.07,7.06,-25.9,0.133,96.7,7.98,0.39,1.4,0.3,0,0.1,7.770,2.9,1.210,11.4,0.0,65959,41.671665,-70.394020,17.30,139.3,0.1,30.1,17.60,,,334,349,0.8,353,1.5,-0.2,0.1,3.3,3.0,12.8,0.1,12.0,326.7,367.3,1019.8,23.37,-5.4,-71,0,0.00,0.00,1.0,20288.1,21440.1,17834.4,24579.0,24.87,7.48,-46.1,0.097,103.2,8.54,0.12,0.8,0.2,-1,0.0,-0.990,-0.3,1.190,11.4,0.0,70002,41.668613,-70.409317,20.20,116.6,0.0,30.1,18.20,,,269,284,0.8,299,1.5,-0.6,-0.6
"08-04-2021 03:15:00",3.4,3.0,12.8,0.1,12.0,348.6,353.6,,24.15,39.7,-73,0,0.08,0.33,1.0,12812.1,16131.5,22015.5,25892.9,25.07,7.17,-32.8,0.133,97.5,8.04,0.64,1.5,0.4,0,0.1,8.050,3.0,1.210,11.4,0.0,71459,41.671665,-70.394035,17.90,124.7,0.1,30.1,17.60,,,330,345,0.6,8,1.4,-0.2,0.0,3.3,3.0,12.8,0.1,12.0,323.1,366.9,1019.8,23.28,-5.4,-63,0,0.00,0.00,1.0,20521.5,21304.3,19116.1,24499.6,24.86,7.47,-45.8,0.097,103.0,8.53,0.17,1.1,0.3,-1,0.0,-1.040,-0.3,1.190,11.4,0.0,71502,41.668594,-70.409332,17.00,338.9,0.0,30.1,18.30,,,173,188,1.2,225,2.4,-0.6,-0.6
"08-04-2021 03:30:00",3.4,3.0,12.9,0.1,12.0,353.6,358.6,,24.05,39.7,-73,0,0.00,0.01,1.0,14076.4,16135.7,22044.0,25921.1,25.05,7.06,-26.0,0.133,97.3,8.03,0.58,1.3,0.3,0,0.1,8.170,3.0,1.210,11.4,0.0,72959,41.671665,-70.393997,14.70,235.5,0.0,30.1,17.50,,,297,312,0.9,332,1.6,-0.2,0.0,3.3,3.0,12.8,0.1,12.0,326.3,367.6,1019.9,23.20,-5.4,-65,0,0.00,0.00,1.0,20509.4,21435.4,19391.2,24547.6,24.85,7.47,-45.9,0.097,103.1,8.54,0.11,0.9,0.3,-1,0.0,-1.030,-0.3,1.190,11.4,0.0,73002,41.668613,-70.409294,24.10,298.1,0.0,30.1,18.20,,,163,178,1.7,206,3.4,-0.6,-0.6
"08-04-2021 03:45:00",3.4,3.0,12.9,0.1,12.1,349.8,359.7,,24.00,39.7,-71,0,0.01,0.02,1.0,14117.2,16177.7,21907.0,25995.8,25.04,7.18,-32.9,0.133,101.3,8.36,0.47,1.4,0.3,0,0.1,7.660,2.8,1.210,11.4,0.0,74459,41.671627,-70.394005,12.00,155.0,0.1,30.1,17.80,,,199,214,0.5,240,1.0,-0.2,0.1,3.3,3.0,12.8,0.1,12.0,329.9,367.2,1020.0,23.13,-5.4,-63,0,0.00,0.00,1.0,20624.3,21263.8,19171.0,24610.7,24.85,7.47,-45.8,0.097,103.1,8.55,0.15,1.0,0.3,-1,0.0,-1.000,-0.3,1.190,11.4,0.0,74502,41.668621,-70.409378,11.60,103.5,0.0,30.1,18.10,,,144,159,1.8,220,3.4,-0.6,-0.6
"08-04-2021 04:00:00",3.4,3.0,12.8,0.1,12.0,351.1,359.3,,23.95,39.6,-75,0,0.01,0.04,1.0,14007.3,16179.5,22073.5,25943.9,25.04,7.18,-33.2,0.133,101.7,8.40,0.44,1.2,0.3,0,0.1,7.650,2.8,1.210,11.4,0.0,75959,41.671646,-70.394020,18.50,103.5,0.1,30.1,17.70,,,6,21,0.9,21,1.8,-0.2,0.1,3.3,3.0,12.8,0.1,12.0,326.4,368.2,1019.9,23.06,-5.5,-65,0,0.00,0.00,1.0,20485.2,21430.0,19831.0,24566.3,24.84,7.47,-45.5,0.097,103.2,8.55,0.15,0.9,0.3,-1,0.0,-1.070,-0.3,1.190,11.4,0.0,80002,41.668621,-70.409340,17.40,260.6,0.0,30.1,18.20,,,98,113,0.7,208,1.4,-0.6,-0.6
"08-04-2021 04:15:00",3.4,3.0,12.8,0.1,12.0,352.2,359.2,,23.90,39.6,-75,0,0.00,0.02,1.0,14084.7,16161.6,22071.5,26002.6,25.03,7.03,-24.4,0.133,96.4,7.96,0.82,1.5,0.4,0,0.2,8.030,3.0,1.210,11.3,0.0,81459,41.671665,-70.394035,17.40,193.6,0.0,30.1,17.90,,,83,98,0.5,90,1.2,-0.2,0.0,3.3,3.0,12.7,0.1,12.0,328.1,370.0,1020.1,23.05,-5.5,-69,0,0.00,0.00,1.0,20547.9,21445.2,18953.7,24553.1,24.84,7.47,-45.9,0.097,103.2,8.55,0.06,0.8,0.2,-1,0.0,-0.990,-0.3,1.190,11.4,0.0,81502,41.668613,-70.409332,18.00,5.6,0.0,30.1,18.40,,,146,161,0.5,244,1.1,-0.6,-0.6
"08-04-2021 04:30:00",3.4,3.0,12.8,0.1,12.0,351.8,359.0,,23.90,39.5,-81,0,0.01,0.03,1.0,14071.6,16179.0,21982.2,25956.9,25.02,7.10,-28.7,0.132,98.1,8.10,0.68,1.3,0.3,0,0.3,8.300,3.1,1.210,11.4,0.0,82959,41.671665,-70.394020,17.30,341.1,0.0,30.1,18.20,,,273,288,0.6,322,1.3,-0.2,0.0,3.3,3.0,12.8,0.1,12.0,324.7,369.7,1020.3,23.04,-5.5,-71,0,0.00,0.00,1.0,20612.1,21438.9,19436.6,24541.9,24.83,7.47,-45.7,0.097,103.0,8.54,0.10,0.7,0.2,-1,0.0,-0.980,-0.3,1.190,11.4,0.0,83002,41.668613,-70.409302,15.60,117.5,0.0,30.1,18.30,,,205,220,0.7,294,1.5,-0.6,-0.6
"08-04-2021 04:45:00",3.4,3.0,12.8,0.1,12.1,352.8,358.1,,23.91,39.5,-73,0,0.03,0.15,1.0,13626.8,16228.7,22045.6,26002.0,25.02,7.15,-31.3,0.132,100.3,8.28,0.47,1.5,0.3,0,0.1,7.680,2.8,1.210,11.4,0.0,84459,41.671654,-70.394005,21.10,267.1,0.1,30.2,18.20,,,244,259,1.0,318,1.8,0.0,0.0,3.3,3.0,12.8,0.1,12.0,327.4,367.4,1020.5,23.01,-5.5,-69,0,0.00,0.00,1.0,20601.3,21340.0,19621.8,24614.8,24.82,7.46,-44.9,0.097,102.8,8.52,0.11,0.8,0.2,-1,0.0,-1.030,-0.3,1.190,11.4,0.0,84502,41.668613,-70.409302,16.70,56.1,0.0,30.1,18.20,,,226,241,0.5,327,1.0,-0.6,-0.6
"08-04-2021 05:00:00",3.4,3.0,12.8,0.1,12.0,354.3,362.3,,23.93,39.5,-75,0,0.01,0.03,1.0,14101.3,16229.9,22081.4,25992.4,25.01,7.08,-27.1,0.133,97.8,8.07,0.62,1.4,0.3,0,0.2,8.040,3.0,1.210,11.3,0.0,85959,41.671665,-70.394005,12.00,210.2,0.0,30.1,18.30,,,214,229,0.3,298,0.7,-0.2,0.1,3.3,3.0,12.8,0.1,12.0,325.4,367.3,1020.3,23.01,-5.5,-71,0,0.00,0.00,1.0,20600.6,21346.5,18666.8,24573.0,24.83,7.46,-45.3,0.097,102.8,8.52,0.12,0.8,0.2,-1,0.0,-1.010,-0.3,1.190,11.4,0.0,90002,41.668629,-70.409355,12.30,177.5,0.0,30.1,18.30,,,93,108,1.9,205,3.9,-0.6,-0.6
"08-04-2021 05:15:00",3.4,3.0,12.8,0.1,12.0,349.3,360.4,,23.94,39.4,-77,0,0.02,0.11,1.0,13691.9,16139.3,22035.7,25856.8,25.00,7.08,-27.1,0.132,97.6,8.06,0.73,1.6,0.4,0,0.1,7.780,2.9,1.210,11.4,0.0,91459,41.671673,-70.394035,18.50,185.6,0.1,30.1,18.30,,,107,122,0.5,55,0.9,-0.2,0.1,3.3,3.0,12.8,0.1,12.0,326.8,368.0,1020.3,23.00,-5.5,-69,0,0.00,0.00,1.0,20653.8,21429.1,19162.9,24580.2,24.82,7.47,-45.6,0.097,103.0,8.54,0.17,0.9,0.2,-1,0.0,-0.970,-0.3,1.190,11.4,0.0,91502,41.668629,-70.409370,17.50,83.6,0.0,30.1,18.40,,,223,238,0.2,50,0.4,-0.6,-0.6
"08-04-2021 05:30:00",3.4,3.0,12.8,0.1,12.1,351.0,359.2,,23.95,39.4,-69,0,0.06,0.27,1.0,13215.4,16257.9,21874.5,26027.4,25.00,7.07,-26.8,0.132,97.8,8.08,0.43,2.1,0.5,0,0.1,7.730,2.9,1.210,11.4,0.0,92959,41.671665,-70.394035,17.80,131.5,0.0,30.1,18.40,,,78,93,0.1,90,0.2,-0.2,0.0,3.3,3.0,12.7,0.1,12.0,323.2,366.6,1020.4,23.01,-5.5,-69,0,0.00,0.00,1.0,20319.0,21482.5,19077.5,24649.4,24.81,7.47,-45.5,0.097,103.0,8.54,0.18,1.5,0.4,-1,0.0,-1.010,-0.3,1.190,11.4,0.0,93002,41.668629,-70.409355,19.20,276.9,0.0,30.1,18.30,,,49,63,0.3,152,0.5,-0.6,-0.6
"08-04-2021 05:45:00",3.4,3.0,12.9,0.1,12.0,351.4,362.8,,23.97,39.4,-73,0,0.00,0.01,1.0,14000.8,16055.2,21999.5,25959.8,24.99,7.12,-29.7,0.132,99.2,8.20,0.56,1.4,0.3,0,0.1,7.750,2.9,1.210,11.4,0.0,94459,41.671681,-70.394035,16.90,13.9,0.0,30.2,18.40,,,70,85,0.7,42,1.3,-0.2,0.0,3.3,3.0,12.8,0.1,12.0,325.8,367.8,1020.5,23.01,-5.5,-71,0,0.00,0.00,1.0,20575.2,20682.7,18668.8,24563.3,24.81,7.47,-45.7,0.097,103.0,8.54,0.15,0.8,0.2,-1,0.0,-0.980,-0.3,1.190,11.4,0.0,94502,41.668621,-70.409393,17.60,239.2,0.0,30.1,18.30,,,56,71,0.2,205,0.5,-0.6,-0.6
"08-04-2021 06:00:00",3.4,3.0,12.8,0.1,12.1,354.1,357.3,,23.97,39.4,-69,0,0.00,0.00,1.0,11705.8,13576.9,21963.6,25924.8,24.98,7.15,-31.3,0.133,98.1,8.11,0.44,1.6,0.4,0,0.2,7.770,2.9,1.210,11.4,0.0,95959,41.671654,-70.394020,18.00,41.6,0.0,30.2,18.10,,,180,195,0.9,54,1.9,-0.2,0.1,3.3,3.0,12.8,0.1,12.0,326.8,367.3,1020.6,22.97,-5.5,-67,0,0.00,0.00,1.0,20124.8,20619.4,19573.9,24542.8,24.80,7.46,-45.1,0.097,103.0,8.54,0.06,0.9,0.3,-1,0.0,-1.050,-0.3,1.190,11.4,0.0,100002,41.668652,-70.409355,16.30,348.3,0.0,30.1,18.10,,,212,227,2.8,142,4.9,-1.0,-1.1
"08-04-2021 06:15:00",3.4,3.0,12.8,0.1,12.1,353.4,361.7,,23.95,39.4,-73,0,0.01,0.04,1.0,13986.3,16141.3,22053.3,25960.5,24.97,7.13,-30.3,0.132,99.8,8.25,0.61,1.5,0.3,0,0.1,7.690,2.8,1.210,11.4,0.0,101459,41.671665,-70.393982,15.90,198.8,0.1,30.2,18.10,,,292,307,0.5,76,1.0,-0.2,0.0,3.3,3.0,12.8,0.1,12.0,326.0,368.2,1021.0,22.94,-5.5,-69,0,0.00,0.00,1.0,20506.9,21263.3,19105.5,24685.6,24.79,7.45,-44.7,0.097,102.9,8.53,0.09,1.2,0.3,-1,0.0,-0.990,-0.3,1.190,11.4,0.0,101502,41.668629,-70.409332,14.90,323.3,0.0,30.1,18.30,,,296,311,2.5,149,4.9,-0.6,-0.6
"08-04-2021 06:30:00",3.4,3.0,12.8,0.1,12.0,351.7,364.9,,23.97,39.4,-75,0,0.00,0.00,1.0,13828.6,15404.1,22048.3,25986.4,24.95,7.14,-30.8,0.132,99.6,8.23,0.70,1.8,0.4,0,0.2,7.490,2.8,1.210,11.4,0.0,102959,41.671646,-70.393982,18.20,335.7,0.0,30.2,18.30,,,251,266,1.8,26,3.8,-0.2,0.0,3.3,3.0,12.8,0.1,12.0,325.1,368.1,1021.4,22.91,-5.5,-81,0,0.00,0.00,1.0,20509.3,21340.4,19356.5,24466.5,24.78,7.46,-45.2,0.097,102.9,8.53,0.14,0.8,0.2,-1,0.0,-0.970,-0.3,1.190,11.4,0.0,103002,41.668629,-70.409317,19.90,189.7,0.0,30.2,18.10,,,269,284,1.7,130,3.4,-0.8,-1.0
"08-04-2021 06:45:00",3.4,3.0,12.8,0.1,12.1,349.2,358.3,,24.00,39.4,-69,0,0.01,0.05,1.0,13866.8,16095.0,22018.9,25882.5,24.95,7.16,-31.7,0.132,100.4,8.30,0.47,1.2,0.3,0,0.1,7.590,2.8,1.210,11.4,0.0,104459,41.671681,-70.393997,17.40,302.5,0.0,30.2,18.40,,,206,220,1.6,44,3.2,-0.2,-0.3,3.3,3.0,12.8,0.1,12.0,327.8,366.9,1021.5,22.82,-5.5,-79,0,0.00,0.00,1.0,20250.1,21452.7,19905.2,24617.9,24.78,7.45,-44.3,0.097,102.7,8.52,0.15,0.7,0.2,-1,0.0,-1.000,-0.3,1.190,11.4,0.0,104502,41.668633,-70.409355,16.00,12.5,0.0,30.2,18.30,,,231,246,1.5,142,3.1,-0.6,-1.0
"08-04-2021 07:00:00",3.4,3.0,12.8,0.1,12.1,347.9,356.0,,24.05,39.4,-71,0,0.01,0.04,1.0,13992.9,16159.9,22037.4,25989.0,24.95,7.11,-29.2,0.132,99.1,8.19,0.50,1.2,0.3,0,0.2,7.670,2.8,1.210,11.3,0.0,105959,41.671684,-70.394035,20.50,207.0,0.1,30.2,18.40,,,102,117,0.7,53,1.1,-0.3,-0.3,3.3,3.0,12.8,0.1,12.0,325.2,367.2,1021.0,22.75,-5.5,-63,0,0.00,0.00,1.0,20581.9,21398.0,18566.2,24496.7,24.78,7.45,-44.5,0.097,102.8,8.52,0.13,0.9,0.3,-1,0.0,-0.990,-0.3,1.190,11.4,0.0,110002,41.668652,-70.409378,16.90,191.9,0.1,30.2,18.40,,,63,78,0.4,297,0.7,-0.5,-0.6
"08-04-2021 07:15:00",3.4,3.0,12.9,0.1,12.1,351.1,359.7,,24.16,39.4,-83,0,0.00,0.01,1.0,13949.4,16013.6,22021.4,25922.3,24.95,7.11,-28.8,0.132,98.3,8.13,0.41,1.4,0.3,0,0.1,7.610,2.8,1.210,11.3,0.0,111459,41.671681,-70.394005,20.00,233.3,0.1,30.2,19.00,,,175,190,0.2,359,0.2,-0.4,-0.3,3.3,3.0,12.8,0.1,12.0,324.8,368.4,1021.2,22.75,-5.5,-67,0,0.00,0.00,1.0,20604.2,21418.4,19197.4,24545.6,24.78,7.45,-44.3,0.097,102.7,8.52,0.12,0.7,0.2,-1,0.0,-0.900,-0.3,1.190,11.4,0.0,111502,41.668621,-70.409378,19.80,184.0,0.0,30.2,19.00,,,291,306,0.8,172,1.6,-0.1,-0.4
"08-04-2021 07:30:00",3.4,3.0,12.8,0.1,12.0,351.0,358.5,,24.31,39.3,-71,0,0.08,0.34,1.0,13536.7,16200.4,19149.8,25966.4,24.95,7.12,-29.8,0.132,99.5,8.23,0.63,1.5,0.4,0,0.1,7.830,2.9,1.210,11.4,0.0,112959,41.671665,-70.393982,17.40,52.0,0.0,30.2,19.20,,,236,251,0.9,40,2.0,-0.3,-0.3,3.3,3.0,12.9,0.1,12.0,323.3,368.2,1021.6,22.81,-5.5,-65,0,0.00,0.00,1.0,20624.6,21445.6,19362.7,24617.5,24.77,7.46,-45.1,0.097,102.9,8.53,0.17,0.9,0.2,-1,0.0,-0.950,-0.3,1.190,11.4,0.0,113002,41.668629,-70.409355,14.90,350.6,0.0,30.2,19.10,,,262,277,1.4,153,2.6,-0.6,-0.6
"08-04-2021 07:45:00",3.4,3.0,12.9,0.1,12.0,349.1,360.6,,24.46,39.3,-73,0,0.05,0.20,1.0,13339.2,16151.5,22008.2,25967.9,24.94,7.15,-31.1,0.132,99.6,8.24,0.52,1.2,0.3,0,0.1,7.600,2.8,1.210,11.4,0.0,114459,41.671681,-70.394005,21.10,49.8,0.0,30.2,19.30,,,177,192,0.5,118,1.2,-0.7,0.0,3.3,3.0,12.9,0.1,12.0,321.8,366.6,1021.8,22.90,-5.5,-65,0,0.00,0.00,1.0,20270.2,21423.1,19179.9,24540.2,24.78,7.46,-45.2,0.097,102.8,8.53,0.14,0.7,0.2,-1,0.0,-0.990,-0.3,1.190,11.4,0.0,114502,41.668621,-70.409340,22.00,94.2,0.0,30.2,19.20,,,213,228,1.5,140,3.1,-0.6,-0.7
"08-04-2021 08:00:00",3.4,3.0,13.0,0.1,12.1,350.9,362.5,,24.66,39.3,-73,0,0.12,0.53,1.0,12378.4,16191.6,20998.1,25971.4,24.95,7.05,-25.3,0.133,96.0,7.94,0.57,1.3,0.3,0,0.2,7.470,2.8,1.210,11.4,0.0,115959,41.671665,-70.393982,24.00,17.2,0.0,30.2,19.80,,,215,230,0.8,97,1.5,-0.7,0.0,3.3,3.0,13.0,0.1,12.0,318.6,366.4,1021.8,23.05,-5.5,-65,0,0.00,0.00,1.0,20520.5,21216.5,19217.6,24454.9,24.78,7.47,-45.5,0.097,102.9,8.54,0.12,0.5,0.2,-1,0.0,-0.930,-0.3,1.190,11.4,0.0,120002,41.668648,-70.409340,20.80,21.2,0.0,30.2,19.60,,,217,232,1.2,118,2.5,-0.8,-0.5
"08-04-2021 08:15:00",3.4,3.0,13.0,0.1,12.0,345.6,354.5,,24.91,39.3,-73,0,0.00,0.00,1.0,13869.5,15105.5,21210.6,25990.7,24.95,7.19,-33.5,0.132,100.2,8.28,0.73,1.3,0.3,0,0.1,7.990,2.9,1.210,11.3,0.0,121459,41.671700,-70.394035,18.90,47.2,0.0,30.2,20.00,,,163,178,0.9,86,1.9,-0.7,0.0,3.3,3.0,13.0,0.1,12.0,317.4,369.0,1021.9,23.25,-5.4,-65,0,0.00,0.00,1.0,20183.9,21185.9,19292.3,24555.5,24.79,7.46,-45.0,0.097,102.8,8.53,0.06,0.7,0.2,-1,0.0,-1.000,-0.3,1.190,11.4,0.0,121502,41.668633,-70.409370,19.10,231.4,0.0,30.2,20.00,,,202,217,1.7,141,3.0,-0.6,-0.7
"08-04-2021 08:30:00",3.4,3.0,13.0,0.1,12.1,345.7,354.7,,25.20,39.2,-67,0,0.04,0.20,1.0,13618.1,16233.6,21261.3,26099.3,24.95,7.16,-32.0,0.132,100.5,8.31,0.58,1.3,0.3,0,0.1,7.750,2.9,1.210,11.4,0.0,122959,41.671700,-70.393997,20.00,11.9,0.0,30.2,20.10,,,208,223,1.5,351,3.2,0.0,0.0,3.3,3.0,13.1,0.1,12.0,312.7,365.6,1022.1,23.49,-5.4,-73,0,0.00,0.00,1.0,20360.1,21292.7,19415.9,24481.8,24.79,7.47,-45.8,0.097,102.9,8.54,0.10,0.8,0.2,-1,0.0,-1.010,-0.3,1.190,11.4,0.0,123002,41.668633,-70.409355,19.70,38.3,0.0,30.2,20.30,,,192,207,2.2,120,4.0,-0.6,-0.7
"08-04-2021 08:45:00",3.4,3.0,13.1,0.1,12.1,348.6,361.6,,25.46,39.1,-73,0,0.08,0.33,1.0,12732.6,16063.3,22035.0,25855.4,24.95,7.15,-31.2,0.133,99.9,8.26,0.90,1.3,0.3,0,0.2,7.830,2.9,1.210,11.3,0.0,124459,41.671700,-70.394020,21.50,115.8,0.0,30.2,20.40,,,170,185,0.2,25,0.6,0.0,0.0,3.3,3.0,13.1,0.1,12.0,317.3,368.6,1022.3,23.72,-5.3,-63,0,0.00,0.00,1.0,20717.0,19888.3,19786.3,24686.1,24.78,7.48,-46.1,0.097,103.0,8.55,0.13,0.7,0.2,-1,0.0,-1.040,-0.3,1.190,11.4,0.0,124502,41.668648,-70.409378,17.50,293.0,0.0,30.2,20.40,,,245,260,1.6,142,3.1,-0.4,-0.7
"08-04-2021 09:00:00",3.4,3.0,13.2,0.1,12.0,347.0,361.0,,25.72,39.1,-69,0,0.01,0.05,1.0,13877.3,16098.1,21990.3,25915.5,24.95,7.20,-34.3,0.132,101.7,8.41,0.61,2.1,0.5,0,0.2,7.440,2.7,1.210,11.3,0.0,125959,41.671684,-70.394005,19.90,73.2,0.1,30.2,20.50,,,257,272,1.4,88,2.7,0.0,0.0,3.3,3.0,13.1,0.1,12.0,313.8,367.9,1022.3,23.90,-5.3,-65,0,0.00,0.00,1.0,20643.7,21447.8,19527.3,24628.7,24.78,7.48,-46.3,0.097,103.1,8.55,0.11,0.7,0.2,-1,0.0,-1.010,-0.3,1.190,11.4,0.0,130002,41.668648,-70.409378,22.00,141.2,0.0,30.2,20.60,,,107,122,0.4,229,0.9,-0.6,-0.6
"08-04-2021 09:15:00",3.4,3.0,13.1,0.1,12.0,350.0,366.0,,25.95,39.2,-71,0,0.00,0.00,1.0,14058.5,16083.1,22076.2,25976.0,24.95,7.20,-34.4,0.132,100.8,8.33,0.86,1.3,0.3,0,0.1,7.670,2.8,1.210,11.4,0.0,131459,41.671700,-70.393982,21.00,301.9,0.1,30.2,20.50,,,211,226,2.0,222,3.4,-0.6,0.4,3.3,3.0,13.1,0.1,12.0,308.3,366.7,1022.5,24.15,-5.3,-67,0,0.00,0.00,1.0,20646.5,21378.0,19909.3,24641.4,24.78,7.49,-46.6,0.097,103.2,8.56,0.11,0.7,0.2,-1,0.0,-1.030,-0.3,1.190,11.4,0.0,131502,41.668659,-70.409340,25.90,215.3,0.0,30.2,20.70,,,199,213,1.5,354,3.1,-0.8,-0.6
"08-04-2021 09:30:00",3.4,3.0,13.1,0.1,12.1,350.3,364.5,,26.14,39.2,-73,0,0.14,0.60,1.0,11844.3,16133.7,22105.2,25959.8,24.95,7.17,-32.8,0.133,101.7,8.41,0.52,1.7,0.4,0,0.2,7.400,2.7,1.210,11.3,0.0,132959,41.671703,-70.393982,16.20,121.1,0.1,30.2,20.70,,,222,237,1.3,220,3.0,-0.2,0.2,3.3,3.0,13.2,0.1,12.0,312.1,368.0,1022.7,24.38,-5.2,-69,0,0.00,0.00,1.0,20616.1,21484.8,19910.8,24678.5,24.78,7.49,-47.0,0.097,103.2,8.56,0.13,0.7,0.2,-1,0.0,-1.050,-0.3,1.190,11.4,0.0,133002,41.668652,-70.409370,16.80,321.7,0.1,30.2,20.70,,,164,179,1.5,333,3.1,-0.5,-0.5
"08-04-2021 09:45:00",3.4,3.0,13.2,0.1,12.0,347.1,360.5,,26.26,39.3,-73,0,0.05,0.24,1.0,13148.3,16119.0,22015.4,25911.3,24.95,7.21,-34.8,0.133,102.1,8.44,3.07,1.6,0.4,0,0.2,7.300,2.7,1.210,11.4,0.0,134459,41.671711,-70.393997,22.40,70.7,0.1,30.2,20.50,,,164,179,1.5,64,2.8,0.0,0.0,3.3,3.0,13.2,0.1,12.0,313.3,367.5,1022.5,24.58,-5.2,-69,0,0.00,0.00,1.0,20597.0,21439.6,19665.9,24548.9,24.78,7.49,-47.1,0.097,103.2,8.56,0.11,0.7,0.2,-1,0.0,-1.080,-0.3,1.190,11.4,0.0,134502,41.668686,-70.409355,21.90,304.2,0.1,30.2,20.50,,,168,183,2.6,354,5.1,-0.1,-0.6
"08-04-2021 10:00:00",3.4,3.0,13.2,0.1,12.0,345.7,361.4,,26.36,39.4,-63,0,0.04,0.18,1.0,13420.6,16142.9,21940.6,26007.4,24.95,7.19,-33.6,0.133,102.2,8.45,0.80,1.6,0.4,0,0.1,7.190,2.7,1.210,11.4,0.0,135959,41.671700,-70.394020,17.00,230.9,0.1,30.2,20.40,,,155,170,2.6,350,5.3,0.2,0.2,3.3,3.0,13.2,0.1,12.0,311.9,366.8,1022.5,24.69,-5.2,-69,0,0.00,0.00,1.0,18420.0,21146.8,18776.9,24509.9,24.77,7.49,-47.1,0.097,103.3,8.57,0.11,0.8,0.2,-1,0.0,-1.070,-0.3,1.190,11.4,0.0,140002,41.668652,-70.409378,15.80,308.4,0.0,30.2,20.50,,,189,204,2.4,132,4.7,-1.0,-0.6
"08-04-2021 10:15:00",3.4,3.0,13.3,0.1,12.1,345.9,357.4,,26.50,39.4,-69,0,0.00,0.02,1.0,14047.2,16135.0,22053.0,25938.7,24.96,7.24,-36.5,0.133,102.5,8.47,0.49,1.3,0.3,0,0.1,7.430,2.7,1.210,11.3,0.0,141459,41.671700,-70.394043,21.90,122.8,0.1,30.2,20.40,,,135,150,1.9,8,3.8,0.0,0.2,3.3,3.0,13.3,0.1,12.0,309.4,368.9,1022.4,24.88,-5.1,-77,0,0.00,0.00,1.0,20464.9,21472.1,19772.2,24560.3,24.78,7.50,-47.6,0.097,103.4,8.58,0.15,0.6,0.2,-1,0.0,-1.040,-0.3,1.190,11.4,0.0,141502,41.668659,-70.409416,20.80,58.1,0.1,30.2,20.70,,,139,154,3.2,286,6.3,-0.4,-0.5
"08-04-2021 10:30:00",3.4,3.0,13.4,0.1,12.0,343.4,358.4,,26.63,39.4,-75,0,0.01,0.04,1.0,14069.5,16151.6,16776.2,26002.5,24.96,7.23,-36.1,0.133,103.1,8.52,0.57,1.8,0.4,0,0.1,7.020,2.6,1.210,11.4,0.0,142959,41.671711,-70.394005,20.00,255.8,0.1,30.2,20.60,,,156,171,2.1,351,4.3,0.0,0.0,3.3,3.0,13.3,0.1,12.0,307.4,369.7,1022.5,25.09,-5.1,-69,0,0.00,0.00,1.0,20547.2,21054.0,19383.6,24504.9,24.79,7.51,-47.9,0.097,103.5,8.58,0.18,0.7,0.2,-1,0.0,-1.100,-0.3,1.190,11.4,0.0,143002,41.668678,-70.409378,18.30,59.1,0.1,30.2,20.90,,,221,236,3.8,141,7.6,-0.8,-1.0
"08-04-2021 10:45:00",3.4,3.0,13.4,0.1,12.1,344.2,362.7,,26.81,39.4,-69,0,0.34,1.51,1.0,9205.9,16103.6,22031.7,25909.6,24.97,7.25,-37.0,0.133,103.1,8.52,0.59,1.9,0.4,0,0.2,7.150,2.6,1.210,11.4,0.0,144459,41.671703,-70.394035,19.00,26.1,0.1,30.2,20.80,,,183,198,3.2,12,6.3,0.0,0.2,3.3,3.0,13.4,0.1,12.0,306.0,368.3,1022.8,25.34,-5.0,-73,0,0.00,0.00,1.0,18089.5,21206.6,19121.1,24541.7,24.80,7.51,-48.2,0.097,103.4,8.58,0.11,0.7,0.2,-1,0.0,-1.040,-0.3,1.190,11.4,0.0,144502,41.668545,-70.409432,42.60,154.2,0.1,30.3,20.90,,,193,208,2.8,153,5.9,-1.1,-0.6
"08-04-2021 11:00:00",3.4,3.0,13.3,0.1,12.0,346.6,367.4,,26.92,39.5,-71,0,0.01,0.03,1.0,14059.9,16149.8,21936.8,25955.3,24.98,7.24,-36.4,0.133,102.7,8.49,0.71,1.5,0.4,0,0.1,7.410,2.7,1.210,11.3,0.0,145959,41.671719,-70.393967,20.10,92.9,0.0,30.2,20.30,,,223,238,3.7,330,7.2,0.0,0.3,3.3,3.0,13.3,0.1,12.0,309.1,368.5,1023.2,25.55,-5.0,-69,0,0.00,0.00,1.0,17804.1,20071.2,15748.7,24547.2,24.80,7.52,-48.6,0.097,103.4,8.58,0.08,0.7,0.2,-1,0.0,-1.100,-0.3,1.190,11.4,0.0,150002,41.668667,-70.409393,21.10,40.2,0.0,30.2,20.70,,,186,201,2.7,149,5.4,-1.0,-0.7
"08-04-2021 11:15:00",3.4,3.0,13.4,0.1,12.1,345.3,360.0,,26.95,39.5,-79,0,0.01,0.02,1.0,14103.6,16186.0,22052.8,26042.2,24.98,7.25,-37.3,0.133,103.1,8.52,0.82,1.7,0.4,0,0.1,6.930,2.6,1.210,11.4,0.0,151459,41.671757,-70.393982,18.60,336.9,0.0,30.2,20.30,,,189,203,2.6,354,5.3,0.0,0.2,3.3,3.0,13.3,0.1,12.0,306.9,366.6,1023.3,25.62,-5.0,-69,0,0.00,0.00,1.0,16264.6,20407.2,14574.8,24509.7,24.79,7.51,-48.5,0.097,103.5,8.59,0.11,0.6,0.2,-1,0.0,-1.080,-0.3,1.190,11.4,0.0,151502,41.668678,-70.409393,14.50,210.2,0.0,30.2,20.60,,,169,184,2.2,114,4.3,-0.7,-0.8
"08-04-2021 11:30:00",3.4,3.0,13.4,0.1,12.1,346.3,361.9,,26.95,39.6,-71,0,0.01,0.02,1.0,14036.0,16125.3,22016.6,25943.8,24.98,7.23,-35.8,0.133,101.9,8.42,0.56,1.4,0.3,0,0.1,7.190,2.7,1.210,11.4,0.0,152959,41.671719,-70.394035,20.30,171.7,0.0,30.2,20.30,,,149,164,2.1,354,4.4,0.0,0.0,3.3,3.0,13.3,0.1,12.0,308.5,366.1,1023.1,25.66,-5.0,-65,0,0.00,0.00,1.0,19967.4,21409.6,19413.4,24605.9,24.78,7.52,-48.5,0.097,103.4,8.58,0.13,0.7,0.2,-1,0.0,-1.080,-0.3,1.190,11.4,0.0,153002,41.668709,-70.409378,20.80,56.2,0.1,30.2,20.50,,,197,212,4.9,145,9.7,-1.0,-0.6
"08-04-2021 11:45:00",3.4,3.0,13.4,0.1,12.0,341.5,355.5,,26.99,39.7,-67,0,0.00,0.02,1.0,14035.5,16107.8,21966.2,25901.0,24.97,7.26,-37.8,0.133,103.3,8.54,0.63,1.2,0.3,0,0.2,7.370,2.7,1.210,11.3,0.0,154459,41.671711,-70.394005,18.40,250.9,0.0,30.2,20.30,,,188,203,4.0,319,8.8,0.2,0.3,3.3,3.0,13.3,0.1,12.0,308.6,368.4,1023.1,25.68,-5.0,-71,0,0.00,0.00,1.0,20512.5,21360.9,19281.8,24527.4,24.78,7.52,-49.1,0.097,103.5,8.59,0.14,0.7,0.2,-1,0.0,-1.100,-0.3,1.190,11.4,0.0,154502,41.668686,-70.409378,20.00,358.6,0.1,30.2,20.40,,,206,220,5.9,138,11.4,-1.3,-1.0
"08-04-2021 12:00:00",3.4,3.0,13.4,0.1,12.0,342.4,359.4,,26.99,39.7,-65,0,0.01,0.06,1.0,13974.5,16196.4,22043.9,25998.9,24.96,7.27,-38.5,0.133,102.8,8.50,0.56,1.3,0.3,0,0.3,7.640,2.8,1.210,11.4,0.0,155959,41.671742,-70.394035,20.80,219.7,0.1,30.3,20.10,,,176,191,2.9,358,6.1,,,3.3,3.0,13.3,0.1,12.0,309.8,369.0,1023.3,25.66,-5.0,-69,0,0.00,0.00,1.0,20426.1,21298.1,18944.7,24565.7,24.79,7.52,-49.0,0.097,103.6,8.59,0.12,0.7,0.2,-1,0.0,-1.060,-0.3,1.190,11.4,0.0,160002,41.668678,-70.409378,18.20,260.4,0.0,30.2,20.40,,,140,155,1.4,319,2.8,0.2,-0.6
"08-04-2021 12:15:00",3.4,3.0,13.4,0.1,12.0,338.6,358.3,,26.97,39.7,-67,0,0.04,0.19,1.0,14076.0,16186.2,19301.7,26000.7,24.97,7.26,-37.7,0.133,103.3,8.54,0.64,1.9,0.4,0,0.2,7.610,2.8,1.210,11.4,0.0,161459,41.671730,-70.394043,19.60,128.6,0.3,30.2,20.20,,,202,217,3.0,339,5.8,,,3.3,3.0,13.3,0.1,12.0,305.3,368.6,1023.1,25.66,-5.0,-67,0,0.00,0.00,1.0,19636.8,21341.0,19523.9,24550.5,24.79,7.52,-48.8,0.097,103.6,8.59,0.08,0.6,0.2,-1,-0.1,-1.120,-0.3,1.190,11.4,0.0,161502,41.668678,-70.409355,19.20,165.3,0.1,30.2,20.40,,,183,198,1.7,348,3.7,0.3,-0.6
"08-04-2021 12:30:00",3.4,3.0,13.4,0.1,12.0,347.3,364.1,,27.03,39.7,-67,0,0.00,0.02,1.0,14057.2,16132.1,22027.6,25969.7,24.96,7.27,-38.6,0.133,103.6,8.57,0.58,2.2,0.5,0,0.2,7.330,2.7,1.210,11.4,0.0,162959,41.671742,-70.393982,19.50,304.4,0.1,30.2,20.20,,,195,210,3.9,3,7.7,0.7,0.1,3.3,3.0,13.4,0.1,12.0,311.0,369.6,1023.2,25.68,-5.0,-67,0,0.00,0.00,1.0,20610.0,21413.1,19836.9,24552.0,24.79,7.52,-48.9,0.097,103.6,8.59,0.11,0.7,0.2,-1,0.0,-1.150,-0.3,1.190,11.4,0.0,163002,41.668667,-70.409409,14.40,174.7,0.1,30.2,20.30,,,143,158,0.5,342,0.9,0.0,-0.4
"08-04-2021 12:45:00",3.4,3.0,13.4,0.1,12.0,340.0,355.9,,27.06,39.7,-71,0,0.01,0.03,1.0,14062.2,16196.0,22067.3,25985.0,24.97,7.29,-39.5,0.133,103.9,8.59,0.57,2.0,0.5,0,0.2,7.160,2.6,1.210,11.4,0.0,164459,41.671703,-70.394081,22.40,323.1,0.0,30.3,20.20,,,133,148,5.1,326,10.1,0.4,0.2,3.3,3.0,13.3,0.1,12.0,309.0,367.4,1023.2,25.69,-5.0,-69,0,0.00,0.00,1.0,20556.6,21330.0,19476.7,24504.4,24.80,7.52,-49.1,0.097,103.7,8.60,0.06,0.7,0.2,-1,0.0,-1.120,-0.3,1.190,11.4,0.0,164502,41.668686,-70.409355,23.30,20.3,0.0,30.2,20.20,,,197,212,1.8,349,3.3,0.2,0.0
"08-04-2021 13:00:00",3.4,3.0,13.4,0.1,12.0,342.2,357.9,,27.07,39.7,-65,0,0.13,0.57,1.0,11980.0,16155.3,22076.8,25945.8,24.97,7.29,-39.7,0.133,103.8,8.58,0.51,1.5,0.4,0,0.1,7.120,2.6,1.210,11.3,0.0,165959,41.671711,-70.394035,19.90,86.4,0.0,30.3,20.00,,,168,183,2.2,359,4.4,0.0,0.2,3.3,3.0,13.2,0.1,12.0,311.2,366.4,1023.5,25.66,-5.0,-67,0,0.00,0.00,1.0,20541.8,21343.2,19843.5,24535.4,24.79,7.53,-49.2,0.097,103.7,8.60,0.11,0.7,0.2,-1,0.0,-1.110,-0.3,1.190,11.4,0.0,170002,41.668709,-70.409332,19.50,81.0,0.0,30.2,20.00,,,156,171,1.6,354,3.2,0.1,-0.8
"08-04-2021 13:15:00",3.4,3.0,13.3,0.1,12.0,343.5,356.6,,27.00,39.8,-67,0,0.01,0.04,1.0,14031.3,16179.7,22032.9,25984.9,24.96,7.26,-38.1,0.133,103.1,8.52,0.49,1.8,0.4,0,0.1,7.420,2.7,1.210,11.4,0.0,171459,41.671684,-70.394043,19.50,72.9,0.0,30.2,19.60,,,170,185,1.0,35,2.0,-0.2,0.0,3.3,3.0,13.2,0.1,12.0,312.2,367.5,1023.4,25.56,-5.0,-67,0,0.00,0.00,1.0,19199.4,21271.4,18906.8,24485.2,24.79,7.52,-48.8,0.097,103.6,8.59,0.08,0.7,0.2,-1,0.0,-1.030,-0.3,1.190,11.4,0.0,171502,41.668659,-70.409416,19.80,145.4,0.0,30.2,19.60,,,141,156,1.0,288,2.3,-0.5,-0.5
"08-04-2021 13:30:00",3.4,3.0,13.2,0.1,12.1,347.9,366.2,,26.84,39.8,-67,0,0.00,0.02,1.0,14064.8,16137.7,21992.9,25962.3,24.95,7.27,-38.3,0.133,103.4,8.55,0.63,1.0,0.3,0,0.2,7.810,2.9,1.210,11.3,0.0,172959,41.671703,-70.394058,19.50,194.1,0.1,30.2,19.20,,,179,194,2.7,3,4.1,-0.2,0.1,3.3,3.0,13.2,0.1,12.0,312.3,368.7,1023.2,25.36,-5.0,-69,0,0.00,0.00,1.0,20441.9,19031.7,18894.8,24546.4,24.79,7.51,-48.0,0.097,103.5,8.58,0.15,0.9,0.3,-1,0.0,-1.000,-0.3,1.190,11.4,0.0,173002,41.668667,-70.409409,18.90,147.1,0.0,30.2,19.20,,,202,217,1.0,33,2.0,-0.1,-0.4
"08-04-2021 13:45:00",3.4,3.0,13.2,0.1,12.0,345.9,362.8,,26.65,39.9,-65,0,0.01,0.04,1.0,14053.4,16223.2,22072.8,26003.7,24.95,7.27,-38.4,0.133,103.4,8.55,71.89,1.4,0.3,0,0.1,7.470,2.8,1.210,11.4,0.0,174459,41.671700,-70.394035,19.20,86.2,0.0,30.2,19.00,,,160,174,2.5,333,4.6,0.0,0.2,3.3,3.0,13.2,0.1,12.0,307.3,368.3,1023.3,25.09,-5.1,-65,0,0.03,0.12,1.0,16814.3,20488.2,19350.0,24593.7,24.79,7.52,-49.0,0.097,103.6,8.60,0.14,1.5,0.4,-1,0.0,-1.050,-0.3,1.190,11.4,0.0,174502,41.668652,-70.409409,13.40,153.7,0.0,30.2,19.00,,,115,130,1.2,283,2.6,0.0,-0.4
